"id","citekey","title","author","reviewer","selection","source","literature_type","venue","venue_type","venue_ranking","date_added","date_published","url","aws","azure","google","ibm","cloudflare","self_hosted","self_hosted_openwhisk","app_bench","micro_bench","cpu","network","fileio","other_micro","lifetime","overhead","concurrency","infra","others","p1_repeated_experiments","p2_workload_and_configuration_coverage","p3_experimental_setup_description","p3_time","p3_region","p3_function_size","p3_runtimes","p3_workload_trigger","p3_workload_distance","p3_external_services","p3_structured","p4_open_access_artifact","p4_dataset_public","p4_benchmark_public","p5_probabilistic_result_description","p6_statistical_evaluation","p7_measurement_units","p8_cost","aws_results","comments"
"A01","akkus:18","SAND: Towards High-Performance Serverless Computing","Akkus et al.","Joel","relevant","Manual Search + Database Search","academic","USENIX ATC","Conference","A","2019-11-15","2018-07","https://www.usenix.org/conference/atc18/presentation/akkus","yes","no","no","yes (only app)","no","yes (OpenWhisk, GreenGrass, own SAND system)","yes","yes","yes","no","yes","no","no","no","yes","yes","no","memory footprint","yes","yes","yes","yes","yes","no","no","workflow","","Cloud Workflow","","no","no","no","yes","no","yes","no","","Own system vs  self-hosted OpenWhisk and AWS GreenGrass"
"A02","albuquerque-jr:17","Function-as-a-Service X Platform-as-a-Service: Towards a Comparative Study on FaaS and PaaS","Albuquerque et al.","Joel","relevant","Snowball Academic","academic","IARIA ICSEA","Conference","C","2019-11-15","2017-10","https://www.thinkmind.org/download.php?articleid=icsea_2017_9_30_10096","yes","no","no","no","no","no","no","yes","no","no","no","no","no","no","no","no","no","costs","partial","no","partial","no","no","yes","nodejs","http","","Cloud API Gateway, Database","","no","no","no","no","no","yes","yes","","Comparison between FaaS and PaaS"
"A03","back:18","Using a Microbenchmark to Compare Function as a Service Solutions","Back and Andrikopoulos","Joel","relevant","Manual Search + Database Search","academic","ESOCC","Conference","Unranked","2019-11-15","2018-08","https://doi.org/10.1007/978-3-319-99819-0_11","yes","yes","yes","yes","no","yes (OpenWhisk)","yes","no","yes","yes","no","no","no","no","no","no","no","costs","partial","no","yes","yes","yes","yes","nodejs","http","","Cloud API Gateway","","yes","yes","yes","no","no","yes","yes","FFT exec time: ~70s (1024MB) to ~150s (128MB)",""
"A04","balla:20","Tuning Runtimes in Open Source FaaS","Balla et al.","Joel","relevant","Google Scholar Alert","academic","IOV","Conference","Unranked","2020-02-05","2020-01","https://doi.org/10.1007/978-3-030-38651-1_21","no","no","no","no","no","yes (OpenFaas)","no","no","yes","yes","no","no","no","no","yes","yes","no","remote databases (MongoDB, Redis, Cassandra)","partial","yes","yes","yes","yes","yes","python, nodejs, go","http","","Cloud API Gateway","","no","no","no","yes","no","yes","no","",""
"A05","bardsley:18","Serverless Performance and Optimization Strategies","Bardsley et al.","Philipp","relevant","Database Search","academic","IEEE SmartCloud","Conference","Unranked","2019-11-15","2018-09","https://doi.org/10.1109/SmartCloud.2018.00012","yes","no","no","no","no","no","no","no","yes","yes","no","no","no","no","no","no","no","API gateway integration delays","partial","no","no","no","no","no","python","http","","Cloud API Gateway","","no","no","no","no","no","yes","no","","Small microbenchmark for Lambda (using some array reversal function)"
"A06","bortolini:20","Investigating Performance and Cost in Function-as-a-Service Platforms","Bortolini and Obelheiro","Philipp","relevant","Database Search","academic","3PGCIC","Conference","Unranked","2019-11-15","2019-10","https://doi.org/10.1007/978-3-030-33509-0_16","yes","no","yes","yes","no","no","no","no","yes","yes","no","no","no","no","no","no","no","costs","yes","no","yes","yes","yes","yes","go, python, nodejs","timer","","none","","no","no","no","partial","no","yes","yes","",""
"A07","carreira:18","A Case for Serverless Machine Learning","Carreira et al.","Joel","relevant","Google1","academic","MLSys","Workshop","W","2019-11-26","2018-12","http://learningsys.org/nips18/assets/papers/101CameraReadySubmissioncirrus_nips_final2.pdf","yes","no","no","no","no","no","no","yes","yes","yes","yes","no","no","no","no","yes","no","","partial","partial","partial","no","no","yes","python","code","","Cloud Storage","","no","no","no","yes","no","yes","no","Network bandwidth limited at ~40MB/s",""
"A08","figiela:18","Performance evaluation of heterogeneous cloud functions","Figiela et al.","Joel","relevant","Manual Search + Database Search","academic","Concurrency and Computation: Practice and Experience","Journal","A","2019-11-15","2018-08","https://doi.org/10.1002/cpe.4792","yes","yes","yes","yes","no","no","no","no","yes","yes","yes","no","no","yes","yes","no","yes","costs","yes + live","no","yes","yes","yes","yes","nodejs, C","http","","Cloud API Gateway","","yes","yes + live","yes","yes","no","yes","yes","integer: 3s (1536MB) to 50 s (128MB); overhead: ~100ms (based on 200+k samples!), linpack: ~1.7GFLOPS (1536) to 20GFLOPS (128MB)",""
"A09","fouladi:17","Encoding, Fast and Slow: Low-Latency Video Processing Using Thousands of Tiny Threads","Fouladi et al.","Philipp+Joel","relevant","Manual Search","academic","USENIX NSDI","Conference","B","2019-11-15","2017-03","https://www.usenix.org/conference/nsdi17/technical-sessions/presentation/fouladi","yes","no","no","no","no","no","no","yes","yes","yes","no","no","no","no","yes","yes","no","video encoding-related qualities (bitrate, compression quality)","partial","yes","partial","no","no","no","python","http","","Cloud API Gateway, Cloud Storage","","yes","yes","yes (unlinked)","no","no","yes","yes","",""
"A10","fouladi:19","From Laptop to Lambda: Outsourcing Everyday Jobs to Thousands of Transient Functional Containers","Fouladi et al.","Joel","relevant","Database Search","academic","USENIX ATC","Conference","A","2019-11-15","2019-07","https://www.usenix.org/conference/atc19/presentation/fouladi","yes","no","no","no","no","no","no","yes","yes","no","no","no","yes","no","yes","yes","no","","partial","yes","partial","no","yes","no","python","http","","Cloud API Gateway, Cloud Storage","","partial","no","yes","no","no","yes","partial","","Parallelization tool with different workloads, focusing on prevalently on their tool"
"A11","gan:19","An Open-Source Benchmark Suite for Microservices and Their Hardware-Software Implications for Cloud & Edge Systems","Gan et al.","Philipp","relevant","Snowball Academic","academic","ACM ASPLOS","Conference","A*","2019-11-15","2019-04","https://doi.org/0.1145/3297858.3304013","yes","no","no","no","no","no","no","yes","no","no","no","no","no","no","no","yes","no","no","partial","yes","no","no","no","no","no","http","","Cloud API Gateway, Cloud Storage","","no","no","no (but linked)","yes","no","yes","yes","~13ms response time for custom app","It is very unclear to how serverless is used in this study. Serverless mostly appears as side note but there is no trace of serverless in the released code."
"A12","gimenez-alventosa:19","A framework and a performance assessment for serverless MapReduce on AWS Lambda","Giménez-Alventosa et al.","Philipp","relevant","Manual Search + Database Search","academic","Future Generation Computer Systems","Journal","A","2019-11-15","2019-08","https://doi.org/10.1016/j.future.2019.02.057","yes","no","no","no","no","no","no","yes","yes","yes","yes","no","no","no","no","yes","yes","","partial","partial","yes","no","yes","yes","python","storage, code","","Cloud Storage","","yes","yes","yes","yes","no","yes","no","",""
"A13","gupta:18","OverSketch: Approximate Matrix Multiplication for the Cloud","Gupta et al.","Joel","relevant","Manual Search + Database Search","academic","IEEE Big Data","Conference","Unranked","2019-11-15","2018-12","https://doi.org/10.1109/BigData.2018.8622139","yes","no","no","no","no","no","no","yes","yes","yes","no","no","no","no","no","yes","no","cost, using PyWren","partial","yes","no","no","no","no","python","code","","none","","partial","no","yes","partial","no","yes","yes","","Total compute time for their approx. matrix multiplication approach"
"A14","hall:19","An Execution Model for Serverless Functions at the Edge","Hall and Ramachandran","Joel","relevant","Manual Search + Database Search","academic","ACM/IEEE IoTDI","Conference","Unranked","2019-11-15","2019-04","https://doi.org/10.1145/3302505.3310084","no","no","no","no","no","yes (OpenWhisk, WebAssembly based platform)","yes","yes","no","no","no","no","no","no","no","no","no","3 custom image processing benchmarks","partial","yes","yes","NA","NA","NA","C++","http","","Cloud API Gateway","","no","no","no","partial","no","yes","no","","Focus on FaaS vs Wasm vs native comparison"
"A15","hendrickson:16","Serverless Computation with OpenLambda","Hendrickson et al.","Philipp+Joel","relevant","Manual Search","academic","USENIX HotCloud","Workshop","W","2019-11-15","2016-05","https://www.usenix.org/conference/hotcloud16/workshop-program/presentation/hendrickson","yes","no","no","no","no","yes (OpenLambda)","no","no","yes","no","no","no","yes","no","yes","no","no","","partial","no","no","no","no","no","no","http","","Cloud API Gateway","","no","no","no","yes","no","yes","no","CDF ~100ms low load, ~1.5s bursty load",""
"A16","ishakian:18","Serving Deep Learning Models in a Serverless Platform","Ishakian et al.","Philipp","relevant","Manual Search + Database Search","academic","IEEE IC2E","Conference","Unranked","2019-11-15","2018-04","https://doi.org/10.1109/IC2E.2018.00052","yes","no","no","no","no","no","no","yes","no","no","no","no","no","no","yes (app)","yes","no","costs","yes","yes","partial","no","no","yes","python","http","","Cloud API Gateway, Cloud Storage","","no","no","no","no","no","yes","yes","","This is in my opinion not a very good paper, but they do use fairly realistic workloads"
"A17","ivan:19","Serverless Computing: An Investigation of Deployment Environments for Web APIs","Ivan et al.","Philipp","relevant","Manual Search","academic","MDPI Computers","Journal","Unranked","2019-11-15","2019-06","https://doi.org/10.3390/computers8020050","yes","yes","no","no","no","no","no","yes","no","no","no","no","no","no","no","yes","no","yes","no (unspecified)","no","no","no","no","yes","csharp","http","","Cloud API Gateway, Cloud Storage, Cloud Database","","no","no","no","no","no","yes","yes","","Very weak paper, not much to learn here"
"A18","jackson:18","An Investigation of the Impact of Language Runtime on the Performance and Cost of Serverless Functions","Jackson and Clynch","Joel","relevant","Manual Search","academic","WoSC","Workshop","W","2019-11-15","2018-12","https://doi.org/10.1109/UCC-Companion.2018.00050","yes","yes","no","no","no","no","no","no","yes","no","no","no","yes","no","yes","no","no","costs","partial","no","partial","yes","no","no","nodejs, python, java, go, csharp","http","","Cloud API Gateway, Cloud Database","","partial","no","yes","yes","no","yes","yes","warm starts (ms): .NET (6.32), Go (19.21), Java8 (11.33), node610 (11.46), python3 (6.13)","Based on MSc thesis at Tallaght Dublin"
"A19","jiang:17","Serverless Execution of Scientific Workflows","Jiang et al.","Joel","relevant","Manual Search + Database Search","academic","ICSOC","Conference","A","2019-11-15","2017-10","https://doi.org/10.1007/978-3-319-69035-3_51","yes","no","yes","no","no","no","no","yes","no","no","no","no","no","no","no","no","no","","no (unspecified)","no","partial","no","yes","yes","no","stream","","Cloud Stream","","partial","no","yes","no","no","yes","no","","Only small part relevant for FaaS comparison"
"A20","jonas:17","Occupy the Cloud: Distributed Computing for the 99%","Jonas et al.","Joel","relevant","Manual Search","academic","ACM SOCC","Conference","Unranked","2020-02-04","2017-09","https://doi.org/10.1145/3127479.3128601","yes","no","no","no","no","no","no","yes","yes","yes","no","no","no","no","yes","yes","no","remote storage (S3 + Redis)","no (unspecified)","yes","partial","no","no","yes","python","code","","Cloud Storage, Cache","","yes","yes","yes","partial","no","yes","partial","linear scalability of FLOPs across 3000 workers",""
"A21","kim:19","FunctionBench: A Suite of Workloads for Serverless Cloud Function Service","Kim and Lee","Joel","relevant","Manual Search + Database Search","academic","IEEE CLOUD (WIP)","Conference","B","2019-11-15","2019-07","https://doi.org/10.1109/CLOUD.2019.00091","yes","yes","yes","no","no","no","no","yes","yes","yes","yes","yes","no","no","no","no","no","","partial","yes","no","no","no","yes","python","storage","","Cloud Storage","","partial","no","yes","no","no","yes","no","","Results mostly as demonstration of their FaaS benchmark suite"
"A22","kim:19a","Network Resource Isolation in Serverless Cloud Function Service","Kim et al.","Joel","relevant","Manual Search + Database Search","academic","AMGCC","Workshop","W","2019-11-15","2019-06","https://doi.org/10.1109/FAS-W.2019.00051","yes","no","no","no","no","no","no","no","yes","no","yes","no","no","no","no","yes","no","","no (unspecified)","no","yes","no","yes","yes","python","storage","","Cloud Storage","","no","no","yes","no","no","yes","no","~70 MB/s network download and upload via iperf3 for all memory sizes","Detailed FaaS network benchmarking"
"A23","klimovic:18","Understanding Ephemeral Storage for Serverless Analytics","Klimovic et al.","Joel","relevant","Manual Search","academic","USENIX ATC","Conference","A","2019-11-15","2018-07","https://www.usenix.org/conference/atc18/presentation/klimovic-serverless","yes","no","no","no","no","no","no","yes","no","no","no","yes","no","no","no","yes","no","","no (unspecified)","yes","partial","no","no","yes","no","storage","","Cloud Storage, Cache","","no","no","no","no","no","yes","no","","Focus on I/O of remote storage for big data analytic jobs"
"A24","kuhlenkamp:17","Costradamus: A Cost-Tracing System for Cloud-Based Software Services","Kuhlenkamp and Klems","Joel","relevant","Manual Search + Database Search","academic","ICSOC","Conference","A","2019-11-15","2017-10","https://doi.org/10.1007/978-3-319-69035-3_48","yes","no","no","no","no","no","no","yes","no","no","no","no","no","no","no","no","no","cost (strong cost focus)","partial","yes","yes","no","yes","yes","nodejs","http","","Cloud API Gateway, Cloud Database, Cloud Stream","","yes","yes","yes","partial","no","yes","yes","","Focus on cost model, performance results only as sidenote"
"A25","kuhlenkamp:19","An Evaluation of FaaS Platforms as a Foundation for Serverless Big Data Processing","Kuhlenkamp et al.","Joel","relevant","Google Scholar Alert","academic","IEEE/ACM UCC","Conference","Unranked","2020-01-10","2019-12","https://doi.org/10.1145/3344341.3368796","yes","yes","yes","yes","no","no","no","no","yes","no","no","no","yes","no","no","no","no","deployment consistency, performance, availability","partial","no","yes","no","yes","yes","nodejs","http","","Cloud API Gateway","","yes","yes","yes","yes","no","yes","yes","","Title not very representative, results focus on deployment"
"A26","kuhlenkamp:20","Benchmarking Elasticity of FaaS Platforms as a Foundation for Objective-driven Design of Serverless Applications","Kuhlenkamp et al.","Joel","relevant","Google Scholar Alert","academic","ACM/SIGAPP SAC","Conference","B","2020-02-12","2020-03","https://doi.org/10.1145/3344341.3368796","yes","yes","yes","yes","no","no","no","no","yes","yes","no","no","no","no","no","yes","no","host and container load","yes","partial","yes","no","yes","yes","nodejs","http","","Cloud API Gateway","","yes","yes","yes","yes","no","yes","yes","",""
"A27","lee:18","Evaluation of Production Serverless Computing Environments","Lee et al.","Joel","relevant","Manual Search + Database Search","academic","WoSC","Workshop","W","2019-11-15","2018-07","https://doi.org/10.1109/CLOUD.2018.00062","yes","yes","yes","yes","no","no","no","no","yes","yes","yes","yes","no","no","yes","yes","no","trigger throughput, update/deployment behavior, cost comparison vs VMs","yes","no","partial","no","no","yes","nodejs, csharp, python, java, swift","http, storage, database","","Cloud API Gateway, Cloud Database, Cloud Storage","","yes","yes","yes","yes","no","yes","no","","Covers many different aspects, connection between experiments somewhat unclear"
"A28","li:19","Understanding Open Source Serverless Platforms: Design Considerations and Performance","Li et al.","Joel","relevant","Google Scholar Alert","academic","WoSC","Workshop","W","2020-01-10","2019-12","https://doi.org/10.1145/3366623.3368139","no","no","no","no","no","yes (Nuclio, OpenFaaS, Knative, Kubeless)","no","yes","yes","yes","no","no","no","no","yes","yes","no","autoscaling, resource usage, ","yes","yes","yes","NA","NA","NA","python","http","","Cloud API Gateway","","no","no","no","yes","no","yes","no","",""
"A29","lloyd:18","Serverless Computing: An Investigation of Factors Influencing Microservice Performance","Lloyd et al.","Joel","relevant","Manual Search + Database Search","academic","IEEE IC2E","Conference","Unranked","2019-11-15","2018-04","https://doi.org/10.1109/IC2E.2018.00039","yes","yes","no","no","no","no","no","no","yes","yes","no","no","no","yes","yes","yes","yes","","partial","no","yes","no","yes","yes","csharp","http","","Cloud API Gateway","","no","no","no","no","no","yes","no","","Microservice performance comparison vs Docker-based VMs"
"A30","lloyd:18a","Improving Application Migration to Serverless Computing Platforms: Latency Mitigation with Keep-Alive Workloads","Lloyd et al.","Joel","relevant","Manual Search + Database Search","academic","WoSC","Workshop","W","2019-11-15","2018-12","https://doi.org/10.1109/UCC-Companion.2018.00056","yes","no","no","no","no","no","no","yes","no","no","no","no","no","yes","no","yes","no","","partial","partial","yes","yes","yes","yes","java","cli","","Cloud Storage","","no","no","no","no","yes","yes","yes","better than linear scaling till 1GB RAM",""
"A31","lopez:18","Comparison of FaaS Orchestration Systems","López et al.","Joel","relevant","Manual Search + Database Search","academic","WoSC","Workshop","W","2019-11-15","2018-12","https://doi.org/10.1109/UCC-Companion.2018.00049","yes","yes","no","yes","no","no","no","no","yes","no","no","no","yes","no","yes","yes (not for IBM)","no","FaaS orchestration frameworks","partial","yes","partial","no","no","no","java","workflow","","Cloud Workflow","","no","no","no","partial","no","yes","no","","Focus FaaS orchestrator systems (e.g., AWS StepFunctions)"
"A32","malawski:17","Serverless execution of scientific workflows: Experiments with HyperFlow, AWS Lambda and Google Cloud Functions","Malawski et al.","Joel","relevant","Database Search","academic","Future Generation Computer Systems","Journal","A","2019-11-15","2017-11","https://doi.org/10.1016/j.future.2017.10.029","yes","no","yes","no","no","no","no","yes","no","no","no","no","no","no","no","yes","no","montage astronomy workflow","partial","partial","yes","no","yes","yes","nodejs","http","","Cloud API Gateway, Cloud Storage","","no","no","no","yes","no","yes","yes","","workflows in FaaS"
"A33","malla:19","HPC in the Cloud: Performance Comparison of Function as a Service (FaaS) vs Infrastructure as a Service (IaaS)","Malla et al.","Joel","relevant","Google1","academic","Internet Technology Letters","Journal","Unranked","2019-11-26","2019-11","https://doi.org/10.1002/itl2.137","no","no","yes","no","no","no","no","yes","no","yes","no","no","no","no","no","no","no","","partial","no","partial","no","no","yes","python","pub/sub","","Cloud Storage, Cloud Pub/Sub","","no","no","no","yes","no","yes","yes","",""
"A34","manner:18","Cold Start Influencing Factors in Function as a Service","Manner et al.","Joel","relevant","Manual Search + Database Search","academic","WoSC","Workshop","W","2019-11-15","2018-12","https://doi.org/10.1109/UCC-Companion.2018.00054","yes","yes","no","no","no","no","no","no","yes","no","no","no","yes","no","yes","no","no","","partial","no","yes","yes","yes","yes","nodejs, java","http","","Cloud API Gateway","","yes","yes","yes","yes","yes","yes","no","1,750 ms (cold – warm) for Java; total coldstart java: 4300ms, coldstart JS: 13500ms",""
"A35","mcgrath:16","Cloud Event Programming Paradigms: Applications and Analysis","McGrath et al.","Joel","relevant","Manual Search + Database Search","academic","IEEE CLOUD","Conference","B","2019-11-15","2016-06","https://doi.org/10.1109/CLOUD.2016.0060","yes","no","no","no","no","no","no","yes","no","no","no","no","no","no","no","yes","no","","partial","partial","no","no","no","no","nodejs","http","","Cloud API Gateway, Cloud Storage","","no","no","no","yes","no","yes","no","","Only two simple figures about overall app/function completion time"
"A36","mcgrath:17","Serverless Computing: Design, Implementation, and Performance","McGrath et al.","Joel","relevant","Manual Search + Database Search","academic","WoSC","Workshop","W","2019-11-15","2017-06","https://doi.org/10.1109/ICDCSW.2017.36","yes","yes","yes","yes","no","yes (own prototype)","no","no","yes","no","no","no","yes","yes","yes","yes","no","","partial","no","yes","no","yes","yes","nodejs","http","","Cloud API Gateway","","partial","no","yes","no","no","yes","no","overhead: <200ms (very course from graph), lifetime: up to 30+ minutes",""
"A37","mohan:19","Agile Cold Starts for Scalable Serverless","Mohan et al.","Joel","relevant","Manual Search + Database Search","academic","USENIX HotCloud","Workshop","W","2019-11-15","2019-07","https://www.usenix.org/conference/hotcloud19/presentation/mohan","yes","no","no","no","no","yes (OpenWhisk)","yes","no","yes","yes","no","no","no","no","yes","yes","no","no","partial","no","no","no","no","no","no","no","","none","","no","no","no","no","no","yes","no","","Cold start measurements as motivation for improving cold starts approach"
"A38","mohanty:18","An Evaluation of Open Source Serverless Computing Frameworks","Mohanty et al.","Joel","relevant","Manual Search + Database Search","academic","IEEE CloudCom","Conference","C","2019-11-15","2018-12","https://doi.org/10.1109/CloudCom2018.2018.00033","no","no","no","no","no","yes (Kubeless, OpenWhisk, Fission, OpenFaaS)","yes","no","yes","no","no","no","yes","no","yes","yes","no","success ratio","yes","no","yes","NA","yes","yes","go","http","","Cloud API Gateway","","no","no","no","yes","no","yes","no","","Comparison of open source FaaS platforms"
"A39","niu:19","Leveraging Serverless Computing to Improve Performance for Sequence Comparison","Niu et al.","Joel","relevant","Manual Search + Database Search","academic","ACM BCB ParBio","Workshop","W","2019-11-15","2019-09","https://doi.org/10.1145/3307339.3343465","yes","no","yes","no","no","no","no","yes","no","no","no","no","no","no","yes (app)","yes","no","","partial","no","partial","no","no","yes","python","code","","Cloud Storage, Cloud Queue","","yes","yes","yes","no","no","yes","yes","","Questionable quality and presentation of results"
"A40","oakes:18","SOCK: Rapid Task Provisioning with Serverless-Optimized Containers","Oakes et al.","Joel","relevant","Manual Search + Database Search","academic","USENIX ATC","Conference","A","2019-11-26","2018-07","https://www.usenix.org/conference/atc18/presentation/oakes","yes","no","no","no","no","yes (OpenWhisk + own SOCK platform)","yes","yes","no","no","no","no","no","no","yes (app)","no","no","cold start factors, cache","partial","partial","yes","no","yes","yes","python","storage","","Cloud Storage","","no","no","no","partial","no","yes","no","",""
"A41","pelle:19","Towards Latency Sensitive Cloud Native Applications: A Performance Study on AWS","Pelle et al.","Joel","relevant","Database Search","academic","IEEE CLOUD","Conference","B","2019-11-15","2019-07","https://doi.org/10.1109/CLOUD.2019.00054","yes","no","no","no","no","no","no","yes","yes","yes","no","no","no","no","no","yes","yes","trigger latency and throughput, read and write latency to storage services","partial","no","yes","yes","yes","yes","python","http, database, storage, stream, code, workflow, pub/sub, queue","","Cloud API Gateway, Cloud Storage, Cloud Database, Cloud Stream, Cloud Workflow, Cloud Queue, Cloud Pub/Sub, Cloud Cache","","no","no","no","yes","no","yes","no","","Nice paper with detailed methodology description and interesting results"
"A42","perez:19","A Programming Model and Middleware for High Throughput Serverless Computing Applications","Pérez et al.","Joel","relevant","Manual Search + Database Search","academic","ACM/SIGAPP SAC","Conference","B","2019-11-15","2019-04","https://doi.org/10.1145/3297280.3297292","yes","no","no","no","no","no","no","yes","no","no","no","no","no","no","no","yes","no","","partial","yes","partial","no","no","yes","no","http","","Cloud API Gateway, Cloud Storage","","partial","no","yes","no","no","yes","yes","","Medical image analysis Lambda vs PC vs VMs"
"A43","pu:19","Shuffling, Fast and Slow: Scalable Analytics on Serverless Infrastructure","Pu et al.","Joel","relevant","Manual Search + Database Search","academic","USENIX NSDI","Conference","B","2019-11-15","2019-02","https://www.usenix.org/conference/nsdi19/presentation/pu","yes","no","no","no","no","no","no","yes","yes","no","no","no","yes","no","no","yes","no","S3 bandwidth (external storage through network)","partial","yes","no","no","no","yes","python","no","","Cloud Storage, Cloud Cache","","no","no","no","yes","no","yes","yes","","Big data benchmark using Lambda and comparing different data solutions (S3, Redis, ...)"
"A44","puripunpinyo:17","Effect of optimizing Java deployment artifacts on AWS Lambda","Puripunpinyo et al.","Joel","relevant","Manual Search + Database Search","academic","DCPerf","Workshop","W","2019-11-15","2017-05","https://doi.org/10.1109/INFCOMW.2017.8116416","yes","no","no","no","no","no","no","no","yes","no","no","no","yes","no","yes","no","no","effect of artifact size on cold starts","no (unspecified)","no","partial","no","no","yes","java, scala","http","","Cloud API Gateway","","no","no","no","no","no","partial","no","",""
"A45","saha:18","EMARS: Efficient Management and Allocation of Resources in Serverless","Saha and Jindal","Joel","relevant","Manual Search + Database Search","academic","IEEE CLOUD","Conference","B","2019-11-15","2018-07","https://doi.org/10.1109/CLOUD.2018.00113","yes","no","no","no","no","yes (OpenLambda)","no","no","yes","yes","no","no","no","no","no","yes","no","","no (unspecified)","no","no","no","no","yes","python","http","","Cloud API Gateway","","no","no","no","no","no","yes","no","",""
"A46","shillaker:18","A provider-friendly serverless framework for latency-critical applications","Shillaker","Joel","relevant","Snowball Academic","academic","Eurosys Docsym","DocSym","W","2019-11-15","2018-04","http://conferences.inf.ed.ac.uk/EuroDW2018/papers/eurodw18-Shillaker.pdf","no","no","no","no","no","yes (OpenWhisk)","yes","no","yes","no","no","no","yes","no","yes","yes","no","","no (unspecified)","no","no","NA","NA","NA","java","no","","none","","no","no","no","no","no","yes","no","",""
"A47","singhvi:17","Granular Computing and Network Intensive Applications: Friends or Foes?","Singhvi et al.","Joel","relevant","Database Search","academic","ACM HotNets","Workshop","W","2019-11-15","2017-11","https://doi.org/10.1145/3152434.3152450","yes","no","no","no","no","no","no","no","yes","no","yes","no","no","no","yes","yes","no","","no (unspecified)","no","yes","no","yes","yes","no","code","","none","","no","no","no","no","no","yes","no","~500Mbps bandwidth down- and uplink (down slighly slower)","Focus on network measurements"
"A48","spillner:18","FaaSter, Better, Cheaper: The Prospect of Serverless Scientific Computing and HPC","Spillner et al.","Joel","relevant","Manual Search + Database Search","academic","CARLA","Conference","Unranked","2019-11-15","2018-12","https://doi.org/10.1007/978-3-319-73353-1_11","yes","yes","no","yes","no","no","no","yes","yes","yes","no","no","no","no","no","no","no","","no","partial","partial","no","no","yes","python","no","","Cloud Storage","","yes","yes","yes","no","no","yes","no","",""
"A49","wang:18","Peeking behind the curtains of serverless platforms","Wang et al.","Joel","relevant","Manual Search + Database Search","academic","USENIX ATC","Conference","A","2019-11-15","2018-07","https://www.usenix.org/conference/atc18/presentation/wang-liang","yes","yes","yes","no","no","no","no","no","yes","yes","yes","yes","no","yes","yes","yes","yes","inconsistent function usage, CPU utilization (i.e., CPU shares)","yes","no","yes","yes","yes","yes","python, nodejs","http","","Cloud API Gateway","","partial","no","partial (only AWS impl)","yes","no","yes","no","","claiming largest measurement study (>50k functions), focus on reverse-engineering specific aspect"
"A50","werner:18","Serverless Big Data Processing using Matrix Multiplication as Example","Werner et al.","Joel","relevant","Database Search","academic","IEEE Big Data","Conference","Unranked","2019-11-15","2018-12","https://doi.org/10.1109/BigData.2018.8622362","yes","no","no","no","no","no","no","yes","no","no","no","no","no","no","no","yes","no","","partial","yes","yes","no","yes","yes","python","workflow","","Cloud Storage, Cloud Workflow","","no","no","no","no","no","yes","yes","","Lambda matrix multiplication only as side note in single table"
"A51","zhang:19","Video Processing with Serverless Computing: A Measurement Study","Zhang et al.","Joel","relevant","Manual Search + Database Search","academic","ACM NOSSDAV","Workshop","W","2019-11-15","2019-06","https://doi.org/10.1145/3304112.3325608","yes","no","yes","no","no","no","no","yes","no","no","no","no","no","no","no","no","yes","costs; end-to-end video encoding duration","partial","yes","yes","yes","no","yes","python","cli","","Cloud Storage, Cloud AI API","","no","no","no","no","no","yes","yes","","video processing application with subtasks download, transcode, upload; memory config. optimization is non-trivial"
"G01","91","How to Make It  Fa(a)ster?","Adam Matan","Joel","relevant","Google Manual","grey","NA","Blog","NA","2019-12-20","2018-02-07","https://www.slideshare.net/adamatan/how-to-make-it-faaster","yes","yes","yes","yes","no","no (but hosted Binaris)","no","no","yes","no","no","no","yes","no","yes","yes","no","trigger AWS SDK vs API Gateway","partial","no","no","no","no","yes","no","http, code","","Cloud API Gateway","","partial","no","yes","partial","no","yes","no","",""
"G02","103","Is Azure Functions 3.0 Ready For Production?","Adir Shemesh","Joel","relevant","Google Manual","grey","NA","Blog","NA","2020-01-31","2019-12-17","https://www.nuweba.com/blog/is-azure-functions-3.0-ready-for-production","no","yes","no","no","no","no","no","no","yes","no","no","no","yes","no","yes","yes","no","","partial","no","partial","yes","no","no","nodejs, csharp, java, python","http","","Cloud API Gateway","","partial","no","yes","no","no","yes","no","",""
"G03","11","Investigating the effect of VPC on AWS Lambda cold-start","Alessandro Morandi","Joel","relevant","Snowball Grey","grey","NA","Blog","NA","2020-01-31","2019-03-28","https://www.simplybusiness.co.uk/about-us/tech/2019/03/aws-lambda-cold-start-vpc/","yes","no","no","no","no","no","no","no","yes","no","no","no","yes","no","yes","no","no","coldstarts within Virtual Private Cloud (VPC) networks","partial","no","partial","no","no","yes","nodejs, ruby","no","no","Cloud Network","","yes","yes","yes","partial","no","yes","no","coldstart between 200ms and 380ms","Linked from Google1 https://lumigo.io/blog/how-to-improve-aws-lambda-cold-start-performance/"
"G04","55","AWS API Performance Comparison: Serverless vs. Containers vs. API Gateway integration","Alex DeBrie","Joel","relevant","Google2","grey","NA","Blog","NA","2019-11-26","2019-02-20","https://www.alexdebrie.com/posts/aws-api-performance-comparison/","yes","no","no","no","no","no","no","yes","no","no","no","no","no","no","no","yes","no","API gateway integration compared with EC2 and ECS","partial","partial","partial","no","no","yes","python","http","","Cloud API Gateway, Cloud Pub/Sub","","partial","no","yes","yes","no","yes","no","",""
"G05","grumuldis:19","Evaluation of ""Serverless'' Application Programming Model : How and when to start Serverles","Algirdas Grumuldis","Philipp","relevant","Google Manual","grey","masterthesis","Thesis","Unranked","2019-11-15","2019-04-25","http://kth.diva-portal.org/smash/record.jsf?pid=diva2%3A1298864&dswid=9085","yes","no","no","no","no","no","no","no","yes","no","no","no","yes","no","yes","no","no","no","partial","no","partial","yes","no","yes","java, csharp, go, nodejs, python","http","","Cloud API Gateway","","no","no","yes","partial","no","yes","no","claims 2ms for 512+mb (but presumably measures warm execution time),cold-start 40ms for Python with 128 MB RAM instance, more cold-start numbers (pg. 13ff)","Only a small part of the thesis is actually experimental"
"G06","luckow:19","Performance Characterization and Modeling of Serverless and HPC Streaming Applications","Andre Luckow and Shantenu Jha","Joel","relevant","Snowball Academic","grey","unpublished","Preprint","Unranked","2019-11-15","2019-09-13","https://arxiv.org/abs/1909.06055","yes","no","no","no","no","no","no","yes","no","no","no","no","no","no","no","no","no","","no (unspecified)","yes","partial","no","no","yes","python","stream","","Cloud Stream","","no","no","no","no","no","yes","no","",""
"G07","hoang:17","Analysis of microservices and serverless architecture for mobile application enablement","Andrew Hoang","Joel","relevant","Google1","grey","masterthesis","Thesis","Unranked","2019-11-26","2017-06-13","http://scholarworks.csun.edu/handle/10211.3/193100","yes","no","no","no","no","no","no","yes","yes","yes","no","no","no","no","no","no","no","","no","no","no","no","no","no","nodejs, java","http","","Cloud API Gateway, Cloud Database","","no","no","no","partial","no","partial","no","",""
"G08","45","Java vs NodeJS on AWS Lambda: Benchmark Survey","Andrew Smiryakhin et al.","Joel","relevant","Google1","grey","NA","Blog","NA","2019-11-26","","https://varteq.com/java-vs-nodejs-on-aws-lambda-benchmark-survey/","yes","no","no","no","no","no","no","yes","no","no","no","no","no","no","no","yes","no","","no","yes","no","no","no","no","nodejs, java","http","","Cloud API Gateway, Cloud Database","","no","no","no","no","no","yes","no","",""
"G09","36","How Reliable is Lambda Cron?","Andy Warzon","Joel","relevant","Google1","grey","NA","Blog","NA","2019-11-26","2017-01-06","https://www.trek10.com/blog/lambda-cron/","yes","no","no","no","no","no","no","no","yes","no","no","no","yes","no","no","no","no","reliability and execution lag of cron trigger","yes","no","no","no","yes","no","no","timer","","Cloud Database","","no","no","no","yes","no","yes","no","","Another study that report very noticable differences between different regions"
"G10","2","The largest benchmark of Serverless providers.","Bernd Strehl","Joel","relevant","Google1","grey","NA","Blog","NA","2019-11-26","2018-09-07","https://medium.com/elbstack/the-largest-benchmark-of-serverless-providers-ac19b55750f4","yes","yes","yes","yes","no","no","no","no","yes","yes","no","no","no","no","yes","yes","no","","partial","no","partial","no","no","yes","nodejs","code","no","none","yes","partial","yes","no","yes","no","partial","yes","87ms avg. overhead",""
"G11","53","λ Serverless Benchmark (Serverless Benchmark 2.0)","Bernd Strehl","Joel","relevant","Google2","grey","NA","Blog","NA","2019-11-26","","https://serverless-benchmark.com/","yes","yes","yes","yes","yes","no","no","no","yes","no","no","no","yes","no","yes","yes","no","","yes + live","no","yes","yes","yes","no","nodejs","http","","Cloud API Gateway","","partial","no","yes","yes","no","yes","no","~300ms coldstart, 90ms average overhead hot start","Initial docs (https://medium.com/elbstack/serverless-benchmark-2-0-part-i-f23acb8e8a29). Critics: https://news.ycombinator.com/item?id=17998308"
"G12","21","What We Learned by Serving Machine Learning Models Using AWS Lambda","Bruno Schionato et al.","Joel","relevant","Google1","grey","NA","Blog","NA","2019-11-26","2018-10-30","https://www.freecodecamp.org/news/what-we-learned-by-serving-machine-learning-models-using-aws-lambda-c70b303404a1/","yes","no","no","no","no","no","no","yes","no","yes","no","no","no","no","no","yes","no","different memory configs","partial","no","partial","no","no","yes","java, python","http","","Cloud API Gateway, Cloud Storage","","no","no","no","yes","no","yes","no","",""
"G13","104","Serverless Platform Comparison: Google Cloud Function vs. AWS Lambda","Can Tepakidareekul","Joel","relevant","Google Manual","grey","NA","Blog","NA","2020-02-18","2018-11-26","https://medium.com/@manus.can/serverless-platform-comparison-google-cloud-function-vs-aws-lambda-8e060bcc93b4","yes","no","yes","no","no","no","no","no","yes","yes","no","no","no","no","no","yes","no","ease of deployment, availability, costs","partial","no","partial","yes","yes","no","nodejs","http","","Cloud API Gateway","","partial","no","yes","partial","no","yes","yes","","part of a university course"
"G14","54","How Can Serverless Computing Improve Performance? | Lambda Performance","Cloudflare, Inc.","Joel","relevant","Google2","grey","NA","Blog","NA","2019-11-26","","https://www.cloudflare.com/learning/serverless/serverless-performance/","yes (+Lambda@Edge)","no","no","no","yes","no","no","no","yes","no","no","no","yes","no","yes","no","no","","partial","no","no","yes","yes","no","nodejs","http","","Cloud API Gateway","","no","no","no","partial","no","yes","no","coldstarts up to ~1.5 secs",""
"G15","44","How to minimize AWS Lambda Java cold starts","Driss Amri","Joel","relevant","Google1","grey","NA","Blog","NA","2019-11-26","2019-05-19","https://drissamri.be/blog/2019/05/19/minimize-aws-lambda-java-cold-starts/","yes","no","no","no","no","no","no","yes","yes","no","no","no","yes","no","yes","yes","no","","partial","partial","partial","no","no","yes","java","http","","Cloud API Gateway, Cloud Database","","no","no","no","no","no","yes","no","",""
"G16","96","Understanding AWS Lambda Coldstarts","Erica Windisch","Joel","relevant","Snowball Grey","grey","NA","Blog","NA","2019-12-20","2017-02-09","https://read.iopipe.com/understanding-aws-lambda-coldstarts-49350662ab9e","yes","no","no","no","no","no","no","no","yes","no","no","no","yes","yes","no","no","no","","partial","yes","no","no","no","no","nodejs, python","no","","none","","no","no","no","partial","no","partial","no","""Coldstarts happen, with few exceptions, 4 hours from the creation of a host VM.""",""
"G17","eyk:19","The Design, Productization, and Evaluation of a Serverless Workflow-Management System","Erwin Van Eyk","Philipp+Joel","relevant","Snowball Academic","grey","masterthesis","Thesis","Unranked","2019-11-15","2019-06-21","https://repository.tudelft.nl/islandora/object/uuid%3Aaf1407a8-6141-446c-828b-f3a4f5bf5786","yes","yes","yes","yes","no","yes (Fission)","no","yes","yes","no","no","no","yes","no","yes","yes","no","costs, relability, scalability","yes","yes","yes","no","yes","yes","python, nodejs","http, workflow","","Cloud API Gateway, Cloud Workflow","","partial","no","yes","yes","no","yes","yes","","Results prevalently focus on workflow engines"
"G18","24","The Serverless Promise: AWS and Azure Function Performance and Scaling","Frederik Willaert","Joel","relevant","Google1","grey","NA","Blog","NA","2019-11-26","2018-01-14","https://www.linkedin.com/pulse/serverless-promise-aws-azure-function-performance-scaling-willaert","yes","yes","no","no","no","no","no","no","yes","yes","no","no","no","no","no","yes","no","","partial","no","yes","no","yes","yes","nodejs","http","","Cloud API Gateway","","yes","yes","yes","no","no","partial","no","","Got an answer from the Azure product manager that they made improvements (since then)"
"G19","muller:19a","Lambada: Interactive Data Analytics on Cold Data using Serverless Cloud Infrastructure","Ingo Müller et al.","Joel","relevant","Google Scholar Alert","grey","unpublished","Preprint","Unranked","2019-12-20","2019-12-02","https://arxiv.org/abs/1912.00937","yes","no","no","no","no","no","no","yes","yes","yes","yes","no","no","no","no","yes","no","intra-instance CPU concurrency, costs","partial","yes","yes","no","yes","yes","python","code","","Cloud Database, Cloud Storage, Cloud Queue","","no","no","no","no","no","yes","yes","90 MiB/s network per worker (2x jonas:17, different than wang:18)",""
"G20","83","Azure Functions – Significant Improvements in HTTP Trigger Scaling","James Randall","Joel","relevant","Twitter4","grey","NA","Blog","NA","2019-12-03","2018-03-09","https://www.azurefromthetrenches.com/azure-functions-significant-improvements-in-http-trigger-scaling/","yes","yes","yes","no","no","no","no","yes","yes","no","no","no","yes","no","no","yes","no","","no","partial","no","yes","no","no","no","http","","Cloud API Gateway","","yes","yes","yes (unlinked)","partial","no","yes","no","",""
"G21","99","Azure Functions – Significant Improvements in HTTP Trigger Scaling","James Randall","Joel","relevant","Snowball Grey","grey","NA","Blog","NA","2019-12-20","2018-03-09","https://www.azurefromthetrenches.com/azure-functions-significant-improvements-in-http-trigger-scaling/","yes","yes","yes","no","no","no","no","no","yes","yes","no","yes","no","no","yes","yes","no","","partial","no","no","yes","no","no","no","http","","Cloud API Gateway","","no","no","no","yes","no","yes","no","",""
"G22","39","Serverless Architecture with AWS Lambda","Jannik Kollmann","Joel","relevant","Google1","grey","NA","Blog","NA","2019-11-26","2018-02-06","https://www.inovex.de/blog/serverless-architecture-aws-lambda/","yes","no","no","no","no","no","no","yes","no","no","no","no","no","no","no","no","no","comparison vs IaaS (EC2), cost estimate","partial","no","partial","no","no","yes","java","storage","","Cloud Storage, Cloud Database","","no","no","no","no","no","yes","yes","","Based on bachelor thesis"
"G23","98","AWS Lambda: Faster Is Cheaper","Jim Conning","Joel","relevant","Snowball Grey","grey","NA","Blog","NA","2019-12-20","2017-01-26","https://medium.com/@jconning/aws-lambda-faster-is-cheaper-6bf32f58d741","yes","no","no","no","no","no","no","no","yes","yes","no","no","no","no","no","yes","no","","partial","no","partial","no","no","yes","python","http","","Cloud API Gateway","","partial","no","yes","no","no","yes","yes","",""
"G24","67","The Occasional Chaos of AWS Lambda Runtime Performance","John Chapin","Joel","relevant","Google2","grey","NA","Blog","NA","2019-11-26","2017-02-24","https://blog.symphonia.io/the-occasional-chaos-of-aws-lambda-runtime-performance-880773620a7e","yes","no","no","no","no","no","no","no","yes","yes","no","no","no","no","no","no","no","","partial","no","yes","no","yes","yes","java","timer","","none","","partial","no","yes","yes","no","yes","no","found very unpredictable CPU performance (fluctuating over days) for 128MB: 16s to 3min","Source: https://github.com/symphoniacloud/jvm-perftest-lambda Summary repost: https://www.infoq.com/news/2017/06/fearless-aws-lambda/"
"G25","41","FaaS: Function hosting services and their technical characteristics","Josef Spillner","Joel","relevant","Google1","grey","NA","Blog","NA","2019-11-26","2019-10-31","https://blog.zhaw.ch/icclab/faas-function-hosting-services-and-their-technical-characteristics/","yes","no","no","no","no","no","no","no","yes","yes","no","no","no","no","no","yes","no","","partial","no","partial","no","no","yes","java","http","","Cloud API Gateway","","yes","yes","yes","no","no","yes","no","",""
"G26","23","AWS Lambda Triggers: Kinesis vs SQS","Jun Sung Park","Joel","relevant","Google1","grey","NA","Blog","NA","2019-11-26","2019-05-06","https://eng.lifion.com/aws-lambda-triggers-kinesis-vs-sqs-1a1c78a86600","yes","no","no","no","no","no","no","yes","no","no","no","no","no","no","no","yes","no","Trigger comparison between Kinesis and SQS","no","no","partial","no","no","yes","no","stream","","Cloud Stream","","no","no","no","no","no","yes","yes","",""
"G27","33","Benchmarking Lambda’s Idle Timeout Before A Cold Start","Kevin S Lin","Joel","relevant","Google1","grey","NA","Blog","NA","2019-11-26","2019-02-05","https://kevinslin.com/aws/lambda_cold_start_idle/#","yes","no","no","no","no","no","no","no","yes","no","no","no","yes","yes","no","no","no","","partial","no","yes","yes","yes","yes","nodejs","no","","none","","partial","no","yes","yes","no","partial","no","idle timesouts typically 26min (us-west-2) up to 65min (us-east-1)",""
"G28","88","Serverless Native Java Functions using GraalVM and Fn Project","Leonardo Zanivan","Joel","relevant","Reddit3","grey","NA","Blog","NA","2019-12-06","2018-06-24","https://medium.com/criciumadev/serverless-native-java-functions-using-graalvm-and-fn-project-c9b10a4a4859","no","no","no","no","no","yes (Fn)","no","no","yes","no","no","no","yes","no","yes","no","no","","no","no","no","NA","NA","NA","java, go","http","","Cloud API Gateway","","partial","no","yes","no","no","yes","no","",""
"G29","56","Exploring serverless technology by benchmarking AWS Lambda","Luke Demi","Joel","relevant","Google2","grey","NA","Blog","NA","2019-11-26","2019-03-28","https://blog.coinbase.com/benchmarking-aws-lambda-ca3cfb3c25cd","yes","no","no","no","no","no","no","no","yes","no","no","no","yes","no","yes","no","no","database access performance for various DBs with and without VPC","partial","partial","partial","no","no","yes","python, ruby, go","no","","Cloud Database","","no","no","no","yes","no","yes","no","",""
"G30","52","Battle of the Serverless — Part 2: AWS Lambda Cold Start Times","Mark Fowler","Joel","relevant","Google1","grey","NA","Blog","NA","2019-11-26","2019-10-28","https://medium.com/@shouldroforion/battle-of-the-serverless-part-2-aws-lambda-cold-start-times-1d770ef3a7dc","yes","no","no","no","no","no","no","no","yes","no","no","no","yes","yes","yes","yes","no","coldstarts via API gateway of different runtimes","partial","no","no","yes","no","no","python, nodejs, go, rust, kotlin, fsharp, csharp","http","","Cloud API Gateway","","no","no","no","partial","no","yes","no","~1–2secs cold start",""
"G31","84","Serverless and PHP: Performances","Matthieu Napoli","Joel","relevant","Hackernews4","grey","NA","Blog","NA","2019-12-06","2018-05-24","https://mnapoli.fr/serverless-php-performances/","yes","no","no","no","no","no","no","no","yes","no","no","no","yes","no","yes","no","no","PHP hello world via Bref","no","no","partial","no","no","yes","python, nodejs, php, java, csharp","http","","Cloud API Gateway","","partial","no","yes","no","no","partial","yes","","Notes: ""Performances have changed a lot with these new versions. This article is now obsolete."""
"G32","3","Serverless at Scale: Serving StackOverflow-like Traffic","Mikhail Shilkov","Joel","relevant","Google1","grey","NA","Blog","NA","2019-11-26","2019-01-20","https://blog.binaris.com/serverless-at-scale/","yes","yes","yes","no","no","no","no","yes","no","no","no","no","no","yes","no","yes","no","instance identifiers to determine number of distinct instances","partial","no","partial","no","no","yes","nodejs","http","multi-remote","Cloud API Gateway","yes","no","no","no","yes","no","yes","no","","Mentions explicit disclaimer ""Performance testing is hard."""
"G33","18","Comparison of Cold Starts in Serverless Functions across AWS, Azure, and GCP","Mikhail Shilkov","Joel","relevant","Google1","grey","NA","Blog","NA","2019-11-26","2019-09-26","https://mikhail.io/serverless/coldstarts/big3/","yes","yes","yes","no","no","no","no","no","yes","no","no","no","yes","yes","yes","no","no","coldstart by language, package size, deployment form, versions (over time), OS (win vs linux)","partial","partial","no","no","no","no","nodejs, python, go, java, ruby, csharp","no","no","none","","yes","yes","yes (unlinked)","yes","no","yes","no","coldstart between 1-3 seconds depending on runtime","Series of related blogposts for AWS, Azure, Google (interesting July infra changes in graphs); newer version of https://mikhail.io/2018/08/serverless-cold-start-war/ Overview post: https://mikhail.io/2019/02/evergreen-serverless-performance-reviews/ and Open Data: https://mikhail.io/serverless/open/ Principles: https://mikhail.io/2019/02/evergreen-serverless-performance-reviews/"
"G34","51","Azure Functions V2 Is Released, How Performant Is It?","Mikhail Shilkov","Joel","relevant","Google1","grey","NA","Blog","NA","2019-11-26","2018-10-10","https://mikhail.io/2018/10/azure-functions-v2-released-how-performant-is-it/","no","yes","no","no","no","no","no","no","yes","yes","no","yes","no","no","yes","yes","no","queue processing, HTTP scalability, cold start depending on package size","partial","no","no","yes","no","no","csharp, nodejs","http, queue","","Cloud API Gateway, Cloud Queue","","no","no","no","yes","no","yes","no","",""
"G35","95","From 0 to 1000 Instances: How Serverless Providers Scale Queue Processing","Mikhail Shilkov","Joel","relevant","Snowball Grey","grey","NA","Blog","NA","2019-12-20","2018-11-19","https://blog.binaris.com/from-0-to-1000-instances/","yes","yes","yes","no","no","no","no","no","yes","yes","no","yes","no","no","no","yes","no","queue processing scalability","partial","partial","partial","no","no","yes","nodejs","queue, pub/sub","","Cloud Queue, Cloud Pub/Sub","","no","no","no","partial","no","partial","no","","interesting analysis on scaling behavior when using async queues"
"G36","27","How does proportional CPU allocation work with AWS Lambda?","Mustafa Akin","Joel","relevant","Google1","grey","NA","Blog","NA","2019-11-26","2018-01-25","https://engineering.opsgenie.com/how-does-proportional-cpu-allocation-work-with-aws-lambda-41cd44da3cac","yes","no","no","no","no","no","no","no","yes","yes","no","no","no","no","no","no","no","intra-instance concurrency (multiple threads)","partial","no","partial","no","no","yes","go","no","","none","","partial","no","yes","no","no","yes","no","",""
"G37","87","sing GraalVM to run Native Java in AWS Lambda with Golang","Mustafa Akin","Joel","relevant","Reddit3","grey","NA","Blog","NA","2019-12-06","2018-11-06","https://engineering.opsgenie.com/run-native-java-using-graalvm-in-aws-lambda-with-golang-ba86e27930bf","yes","no","no","no","no","no","no","no","yes","yes","no","no","no","no","no","no","no","","partial","no","partial","no","no","yes","java, go","no","","none","","partial","no","yes","no","no","yes","no","",""
"G38","10","How to manage Lambda VPC cold starts and deal with that killer latency","Nathan Malishev","Joel","relevant","Snowball Grey","grey","NA","Blog","NA","2020-01-31","2018-07-14","https://www.freecodecamp.org/news/lambda-vpc-cold-starts-a-latency-killer-5408323278dd/","yes","no","no","no","no","no","no","no","yes","no","no","no","yes","no","yes","no","no","coldstarts within Virtual Private Cloud (VPC) networks","no","no","partial","no","no","yes","go","timer","region","Cloud Database, Cloud Network","yes","yes","yes","yes","partial","no","yes","no","coldstart ~0.84-1s","Linked from Google1 https://lumigo.io/blog/how-to-improve-aws-lambda-cold-start-performance/"
"G39","85","AWS Lambda Cold Start Language Comparisons, 2019 edition ☃️","Nathan Malishev","Joel","relevant","Reddit3","grey","NA","Blog","NA","2019-12-06","2019-09-04","https://levelup.gitconnected.com/aws-lambda-cold-start-language-comparisons-2019-edition-%EF%B8%8F-1946d32a0244","yes","no","no","no","no","no","no","no","yes","no","no","no","yes","no","yes","no","no","","partial","no","yes","yes","yes","yes","go, nodejs, java, ruby, python, csharp","workflow","","Cloud Workflow","","partial","yes","no","partial","no","yes","no","","Comments indicate ""very different results"": ""A bit like Mikhail Shilkov, I get very different results when running a “hello world” lambda in both Node and Go."""
"G40","102","Processing 100,000 events per second on Azure Functions","Paul Batum","Joel","relevant","Snowball Grey","grey","NA","Blog","NA","2019-12-20","2017-09-19","https://azure.microsoft.com/en-us/blog/processing-100-000-events-per-second-on-azure-functions/?ref=msdn","no","yes","no","no","no","no","no","yes","no","no","no","no","no","no","no","yes","no","","yes","no","partial","no","no","NA","csharp","stream","","Cloud Stream","","no","no","no","yes","no","yes","yes","",""
"G41","gupta:","Experimental Evaluation of Serverless Functions","Pranjal Gupta and Shreesha Addala","Philipp","relevant","Google Manual","grey","unpublished","Preprint","NA","2019-11-15","2019-09-13","https://github.com/g31pranjal/g31pranjal.github.io/blob/master/assets/serverless-report.pdf","no","no","no","no","no","yes (OpenFaaS)","no","no","yes","yes","no","yes","no","no","yes","yes","no","no","partial","no","yes","NA","NA","NA","python","http","","Cloud API Gateway","","no","no","no (but linked)","partial","no","yes","no","","Pretty solid evaluation of a private FaaS deployment"
"G42","71","The right way to distribute messages effectively in serverless applications","Ran Ribenzaft","Joel","relevant","Twitter2","grey","NA","Blog","NA","2019-12-03","2018-03-31","https://medium.com/@ranrib/the-right-way-to-distribute-messages-effectively-in-serverless-applications-f427e4229e67","yes","no","no","no","no","no","no","no","yes","no","no","no","yes","no","yes","no","no","trigger comparison: SNS, direct sync call, direct async call, Kinesis","no","no","partial","no","yes","no","python","stream, pub/sub","","Cloud Stream, Cloud Pub/Sub","","partial","no","partial","no","no","yes","no","",""
"G43","93","How to make Lambda faster: memory performance benchmark","Ran Ribenzaft","Joel","relevant","Google Manual","grey","NA","Blog","NA","2019-12-20","2018-02-15","https://medium.com/@ranrib/how-to-make-lambda-faster-memory-performance-benchmark-be6ebc41f0fc","yes","no","no","no","no","no","no","no","yes","yes","no","no","no","no","yes","no","no","","no","no","partial","no","no","yes","python","code","","none","","partial","no","yes","no","no","yes","yes","",""
"G44","77","Blazing Fast Microservice with Go and Lambda","Remy Chantenay","Joel","relevant","Twitter2","grey","NA","Blog","NA","2019-12-03","2018-02-28","https://blog.travelex.io/blazing-fast-microservice-with-go-and-lambda-d30d95290f28","yes","no","no","no","no","no","no","yes","no","no","no","no","no","no","yes (app)","yes","no","","partial","partial","partial","no","no","yes","go, kotlin","http","","Cloud API Gateway, Database","","no","no","no","yes","no","yes","yes","",""
"G45","94","AWS journey — API Gateway & Lambda & VPC performance","Robert Vojta","Joel","relevant","Google Manual","grey","NA","Blog","NA","2019-12-20","2016-10-30","https://www.zrzka.dev/aws-journey-api-gateway-lambda-vpc-performance/","yes","no","no","no","no","no","no","no","yes","yes","no","no","no","yes","yes","yes","no","VPC vs non-VPC scenario","partial","partial","yes","no","yes","yes","python, nodejs, clojurescript","http","","Cloud API Gateway, Cloud Network","","no","no","no (but linked)","yes","no","partial","no","",""
"G46","62","How to see performance details for cloud functions (FaaS)","Rodric Rabbah","Joel","relevant","Google2","grey","NA","Blog","NA","2019-11-26","2018-02-28","https://www.ibm.com/cloud/blog/see-performance-details-cloud-functions","no","no","no","yes","no","no","no","yes","no","no","no","no","no","no","yes (app)","no","no","","partial","no","partial","yes","yes","no","nodejs, python","cli","","Cloud Storage","","partial","no","yes (unlinked)","yes","no","yes","yes","",""
"G47","chard:19","Serverless Supercomputing: High Performance Function as a Service for Science","Ryan Chard et al.","Philipp","relevant","Snowball Academic","grey","unpublished","Preprint","Unranked","2019-11-15","2019-08-14","https://arxiv.org/abs/1908.04907","yes","yes","yes","no","no","no","no","no","yes","no","yes","no","no","no","yes","no","no","","yes","no","partial","no","yes","no","python","http","","Cloud API Gateway","","no","no","no","yes","no","yes","no","",""
"G48","shrestha:19","Comparing Programming Languages used in AWS Lambda for Serverless Architecture","Sachin Shrestha","Joel","relevant","Google Manual","grey","bachelorthesis","Thesis","Unranked","2019-11-15","2019-06-19","https://www.theseus.fi/handle/10024/227117","yes","no","no","no","no","no","no","no","yes","yes","no","no","no","yes","yes","no","no","","no (unspecified)","no","no","no","no","no","nodejs, python, go, java, ruby, csharp","no","","none","","no","no","no","partial","no","yes","no","",""
"G49","quevedo:20","Evaluating Apache OpenWhisk-FaaS","Sebastián Quevedo et al.","Joel","relevant","Google Scholar Alert","grey","unpublished","Preprint","Unranked","2020-02-12","2020-02-05","https://easychair.org/publications/preprint_download/FK9c","no","no","no","no","no","yes (OpenWhisk)","yes","yes","no","no","no","no","no","no","yes (app)","no","no","","partial","partial","yes","no","yes","yes","nodejs, java","http","","Cloud API Gateway","","partial","no","yes","yes","yes","partial","no","","drafty (e.g., lorem ipsum conclusion)"
"G50","105","Benchmarking AWS Lambda runtimes in 2019 (Part I)","Tai Nguyen Bui","Joel","relevant","Medium2","grey","NA","Blog","NA","2020-02-18","2019-07-04","https://medium.com/the-theam-journey/benchmarking-aws-lambda-runtimes-in-2019-part-i-b1ee459a293d","yes","no","no","no","no","no","no","no","yes","no","no","no","yes","no","yes","yes","no","package size, memory usage, errors, API GW latency (via ping)","partial","no","yes","no","yes","yes","python, nodejs, java, fsharp","http","","Cloud API Gateway","","partial","no","yes","no","no","yes","no","cold start times for many runtimes (e.g., Java 825ms, node 3.4ms, python 1.9ms)",""
"G51","106","Benchmarking AWS Lambda runtimes in 2019 (Part II)","Tai Nguyen Bui","Joel","relevant","Medium2","grey","NA","Blog","NA","2020-02-18","2019-07-15","https://medium.com/the-theam-journey/benchmarking-aws-lambda-runtimes-in-2019-part-ii-50e796d3d11b","yes","no","no","no","no","no","no","no","yes","no","no","no","yes","no","yes","yes","no","memory usage, errors, API GW latency","partial","yes","partial","no","yes","no","python, nodejs, java, csharp, haskell","http","","Cloud API Gateway, Cloud Database","","partial","no","yes","partial","no","yes","no","",""
"G52","70","AWS Lambda Go vs. Node.js performance benchmark: updated","Tim Nolet","Joel","relevant","Twitter1","grey","NA","Blog","NA","2019-12-03","2018-01-15","https://hackernoon.com/aws-lambda-go-vs-node-js-performance-benchmark-1c8898341982","yes","no","no","no","no","no","no","yes","yes","yes","no","no","no","no","no","yes","no","","partial","partial","yes","yes","yes","yes","nodejs, go","http","","Cloud API Gateway, Cloud Storage","","partial","no","partial","yes","no","yes","no","",""
"G53","107","My Accidental 3–5x Speed Increase of AWS Lambda Functions","Vlad Holubiev","Joel","relevant","Medium4","grey","NA","Blog","NA","2020-02-18","2016-12-12","https://serverless.zone/my-accidental-3-5x-speed-increase-of-aws-lambda-functions-6d95351197f3","yes","no","no","no","no","no","no","no","yes","yes","no","no","no","no","no","no","no","no","no","no","no","no","no","yes","nodejs","storage","","Cloud Storage","","no","no","no","no","no","yes","no","",""
"G54","40","Functional Programming in Serverless World","Wojciech Gawroński","Joel","relevant","Google1","grey","NA","Blog","NA","2019-11-26","2018-10-18","https://pattern-match.com/blog/2018/10/18/functional-programming-in-serverless-world/","yes","no","no","no","no","no","no","no","yes","yes","no","no","no","no","yes","no","no","package size, memory usage, different functional languages","partial","no","partial","no","no","yes","haskell, purescript, fsharp, clojurescript, clojure, bucklescript, scala","http","","Cloud API Gateway","","yes","yes","yes","no","no","yes","no","coldstart ~0.7 up to 5+s language-dependent",""
"G55","6","aws lambda – compare coldstart time with different languages, memory and code sizes","Yan Cui","Joel","relevant","Google1","grey","NA","Blog","NA","2019-11-26","2017-06-13","https://theburningmonk.com/2017/06/aws-lambda-compare-coldstart-time-with-different-languages-memory-and-code-sizes/","yes","no","no","no","no","no","no","no","yes","no","no","no","yes","no","yes","no","no","different runtimes (c#, java, python, nodejs)","partial","no","partial","no","no","yes","nodejs, csharp, java, python","code","no","none","yes","yes","yes","yes","yes","no","partial","no","","Reposted in #07"
"G56","97","How long does AWS Lambda keep your idle functions around before a cold start?","Yan Cui","Joel","relevant","Snowball Grey","grey","NA","Blog","NA","2019-12-20","2017-07-04","https://read.acloud.guru/how-long-does-aws-lambda-keep-your-idle-functions-around-before-a-cold-start-bf715d3b810","yes","no","no","no","no","no","no","no","yes","no","no","no","yes","yes","no","no","no","","no","no","yes","yes","yes","yes","nodejs","workflow","","Cloud Workflow","","partial","no","yes","yes","no","yes","no","""AWS Lambda will generally terminate functions after 45–60 mins of inactivity""",""
"G57","69","FaaS Benchmarking Made Easy: Introducing FaaStest.com and Faasbenchmark","Yan Cybulski","Joel","relevant","Twitter1","grey","NA","Blog","NA","2019-12-03","2019-10-02","https://www.nuweba.com/blog/Introducing-faastest-and-faasbenchmark","yes","yes","yes","no","no","no","no","yes","yes","yes","yes","yes","no","no","yes","yes","no","VPC, large response, storage","yes + live","yes","yes","yes","yes","yes","nodejs, java, csharp, go, python","http","","Cloud API Gateway","","partial","no","yes","partial","no","yes","no","",""
"G58","60","Comparing AWS Lambda performance of Node.js, Python, Java, C# and Go","Yun Zhi Lin","Joel","relevant","Google2","grey","NA","Blog","NA","2019-11-26","2018-03-08","https://read.acloud.guru/comparing-aws-lambda-performance-of-node-js-python-java-c-and-go-29c1163c2581","yes","no","no","no","no","no","no","no","yes","yes","no","no","no","no","no","no","no","","partial","no","yes","no","yes","yes","nodejs, python, java, csharp, go","http","","Cloud API Gateway","","partial","no","yes","no","no","yes","no","","Talk: https://youtu.be/xnUINpe5HwE?t=1000 Slides (22ff): https://www.slideshare.net/yunspace/art-of-serverless-business-value"
"G59","72","NET Core 3.0 AWS Lambda Benchmarks and Recommendations","Zac Charles","Joel","relevant","Twitter2","grey","NA","Blog","NA","2019-12-03","2019-10-25","https://medium.com/@zaccharles/net-core-3-0-aws-lambda-benchmarks-and-recommendations-8fee4dc131b0","yes","no","no","no","no","no","no","yes","yes","no","no","no","yes","no","yes","no","no","different .NET runtime options","partial","partial","partial","yes","no","yes","csharp","no","","none","","no","no","no","no","no","yes","no","",""
"G60","81","Comparing Serverless Performance for CPU Bound Tasks","Zack Bloom","Joel","relevant","Twitter4","grey","NA","Blog","NA","2019-12-03","2018-07-09","https://blog.cloudflare.com/serverless-performance-with-cpu-bound-tasks/","yes (+Lambda@Edge)","no","no","no","yes","no","no","no","yes","yes","no","no","no","no","no","no","no","","partial","partial","yes","yes","yes","yes","nodejs","http","","Cloud API Gateway","","partial","no","yes","yes","no","yes","yes","",""
"G61","82","Serverless Performance: Cloudflare Workers, Lambda and Lambda@Edge","Zack Bloom","Joel","relevant","Twitter4","grey","NA","Blog","NA","2019-12-03","2018-07-02","https://blog.cloudflare.com/serverless-performance-comparison-workers-lambda/","yes (+Lambda@Edge)","no","no","no","yes","no","no","no","yes","no","no","no","yes","no","yes","no","no","","partial","no","partial","yes","yes","no","nodejs","http","","Cloud API Gateway","","yes","yes","yes","yes","no","yes","no","",""